timestamp,open,high,low,close,volume,sma_20,rsi_14,macd,bb_upper,bb_lower,atr,target_close_next,target_direction_next
2026-07-09 13:30:00+00:00,310.510009765625,316.5299987792969,308.1600036621094,316.2200012207031,48124500,296.91600036621094,63.8481363523452,3.9529105823350505,318.68572880755687,275.146271924865,8.961434500558036,315.32000732421875,0.0
2026-07-10 13:30:00+00:00,314.7200012207031,316.9100036621094,312.1700134277344,315.32000732421875,34132300,298.1030014038086,62.927177747848795,4.614786047137443,321.1963137762972,275.00968903132,8.946432931082589,317.30999755859375,1.0
2026-07-13 13:30:00+00:00,317.0199890136719,323.45001220703125,315.7799987792969,317.30999755859375,43257800,299.18700103759767,64.15823249529933,5.239504950825847,323.77827890066953,274.5957231745258,9.122861589704241,314.8599853515625,0.0
2026-07-14 13:30:00+00:00,313.760009765625,316.19000244140625,311.9100036621094,314.8599853515625,36336800,300.37350006103514,61.452628877011826,5.473805055994205,325.60941285703433,275.13758726503596,8.975716727120536,327.5,1.0
2026-07-15 13:30:00+00:00,317.6199951171875,328.7300109863281,317.32000732421875,327.5,60957600,301.92749938964846,68.76990027711423,6.603314226517284,329.8256687832313,274.0293299960656,9.483575003487724,333.260009765625,1.0
2026-07-16 13:30:00+00:00,328.010009765625,334.67999267578125,326.7900085449219,333.260009765625,62970600,303.6285003662109,71.43127250573056,7.872493823170487,334.7939256362375,272.46307509618435,8.666431971958705,333.739990234375,1.0
2026-07-17 13:30:00+00:00,331.9800109863281,334.989990234375,329.0,333.739990234375,63407100,305.51799926757815,71.6480926157173,8.815439312948115,339.20365527455635,271.83234326059994,8.255715506417411,326.5899963378906,0.0
2026-07-20 13:30:00+00:00,333.510009765625,333.7099914550781,323.67999267578125,326.5899963378906,53468000,306.9469985961914,63.87160823132127,8.883383538975067,341.69952102033693,272.1944761720459,8.365716116768974,327.739990234375,1.0
2026-07-21 13:30:00+00:00,323.1300048828125,329.6000061035156,322.2200012207031,327.739990234375,41338900,308.4834976196289,64.53828143200838,8.92711845949674,344.0929073451785,272.8740878940793,8.232860020228795,325.8900146484375,0.0
2026-07-22 13:30:00+00:00,327.8699951171875,329.0,323.3399963378906,325.8900146484375,38755900,310.06299896240233,62.53901555568098,8.71207376690188,345.8255526919953,274.30044523280935,8.109289986746651,321.6600036621094,0.0
2026-07-23 13:30:00+00:00,321.7300109863281,323.29998779296875,319.3500061035156,321.6600036621094,40840800,311.4919998168945,58.106615812905595,8.106871792120216,346.67659011409364,276.3074095196954,7.452146257672991,333.0199890136719,1.0
2026-07-24 13:30:00+00:00,321.7900085449219,334.3699951171875,321.6199951171875,333.0199890136719,47489400,314.38549957275393,65.23309295119304,8.446534355112533,346.35770536764846,282.4132937778594,7.848573957170759,336.9100036621094,1.0
2026-07-27 13:30:00+00:00,334.5400085449219,339.57000732421875,334.0199890136719,336.9100036621094,49604300,317.04199981689453,67.2853416531157,8.92670950485234,347.077315752143,287.00668388164604,7.935716901506696,340.0799865722656,1.0
2026-07-28 13:30:00+00:00,340.0299987792969,342.8900146484375,335.6000061035156,340.0799865722656,51859000,319.95899963378906,68.89658936897246,9.454062352839287,346.710921002502,293.2070782650761,7.901430402483259,338.19000244140625,0.0
2026-07-29 13:30:00+00:00,339.7300109863281,344.57000732421875,337.3500061035156,338.19000244140625,56090800,322.40050048828124,66.78464503160394,9.60872397141759,346.1370431365286,298.6639578400339,7.819287981305804,333.42999267578125,0.0
2026-07-30 13:30:00+00:00,333.1000061035156,334.75,329.5899963378906,333.42999267578125,74817800,324.3529998779297,61.65826919121893,9.240680597588153,344.5442844325864,304.161715323273,8.095003400530134,308.9100036621094,0.0
2026-07-31 13:30:00+00:00,304.80999755859375,310.69000244140625,300.0,308.9100036621094,132489100,324.3669998168945,43.24393150615827,6.891010105917928,344.51271900371904,304.22128063007,9.902145385742188,303.4200134277344,0.0
2026-08-03 13:30:00+00:00,309.5799865722656,311.79998779296875,302.55999755859375,303.4200134277344,75052000,323.9050003051758,40.33906246546346,4.533622207925077,345.5492100145271,302.2607905958245,10.176430838448661,309.3800048828125,1.0
2026-08-04 13:30:00+00:00,302.7300109863281,310.4200134277344,301.32000732421875,309.3800048828125,68001000,323.84100036621095,44.68332630145995,3.1104415810374917,345.6570000589877,302.0250006734342,9.835715157645089,311.0,1.0
2026-08-05 13:30:00+00:00,309.3599853515625,311.7099914550781,305.6700134277344,311.0,49438800,323.72149963378905,45.83777689885426,2.0891977763737373,345.80310584805136,301.63989341952674,9.70357186453683,312.4100036621094,1.0
2026-08-06 13:30:00+00:00,314.3399963378906,316.2900085449219,309.2300109863281,312.4100036621094,46139900,323.5309997558594,46.876963187356644,1.3777483893396152,345.94828157786486,301.11371793385393,9.780000959123884,313.3299865722656,1.0
2026-08-07 13:30:00+00:00,311.45001220703125,314.80999755859375,310.739990234375,313.3299865722656,34437200,323.4314987182617,47.58361936213265,0.8780331371818875,346.019251592186,300.84374584433743,9.352144513811384,308.260009765625,0.0
2026-08-10 13:30:00+00:00,306.8299865722656,308.260009765625,304.6099853515625,308.260009765625,44812500,322.97899932861327,44.10190224382063,0.07206966858348096,346.42922631049544,299.5287723467311,9.447858537946429,304.9100036621094,0.0
2026-08-11 13:30:00+00:00,307.75,309.9700012207031,302.7900085449219,304.9100036621094,37476700,322.48150024414065,41.91930122492931,-0.8274414523206133,347.052375389916,297.9106250983653,9.556429181780134,302.25,0.0
2026-08-12 13:30:00+00:00,305.1000061035156,305.6600036621094,300.57000732421875,302.25,41657800,321.2190002441406,40.21733235951283,-1.7349511246237626,347.2552409304899,295.1827595577913,9.452856881277901,305.260009765625,1.0
2026-08-13 13:30:00+00:00,304.2099914550781,306.0,302.04998779296875,305.260009765625,40349300,319.8190002441406,43.03578070457599,-2.1860767142173927,346.1387393042574,293.49926118402385,8.824286324637276,305.92999267578125,1.0
2026-08-14 13:30:00+00:00,306.0,307.489990234375,304.29998779296875,305.92999267578125,28229400,318.4285003662109,43.67233730210714,-2.461164203667579,344.58954784898293,292.2674528834389,8.584285191127233,305.5899963378906,0.0
2026-08-17 13:30:00+00:00,306.2099914550781,307.6600036621094,302.94000244140625,305.5899963378906,38169300,317.3785003662109,43.40724792561076,-2.675763349664919,343.84424424219935,290.9127564902225,8.400713239397321,310.0299987792969,1.0
2026-08-18 13:30:00+00:00,307.5799865722656,311.489990234375,305.739990234375,310.0299987792969,53424500,316.49300079345704,47.85831938048397,-2.459215325138473,342.68270109212847,290.3033004947856,8.306427001953125,316.8299865722656,1.0
2026-08-19 13:30:00+00:00,310.1400146484375,319.2799987792969,309.6000061035156,316.8299865722656,50505600,316.0399993896484,53.84556162982646,-1.719080777422164,341.85607921282906,290.22391956646777,8.383568899972099,311.29998779296875,0.0
2026-08-20 13:30:00+00:00,317.4599914550781,320.2799987792969,310.6499938964844,311.29998779296875,40959200,315.5219985961914,48.9254164058298,-1.5607521224039829,341.27895640240956,289.7650407899732,6.683569771902902,309.3500061035156,0.0
2026-08-21 13:30:00+00:00,312.04998779296875,312.3800048828125,307.010009765625,309.3500061035156,46876800,314.33849945068357,47.28468061563025,-1.5744732012788063,338.85551642570783,289.8214824756593,6.407141549246652,310.3399963378906,1.0
2026-08-24 13:30:00+00:00,311.4700012207031,313.3599853515625,309.9700012207031,310.3399963378906,34673600,313.00999908447267,48.23383138538886,-1.488307039805818,335.14055208608164,290.8794460828637,6.043568202427456,309.8999938964844,0.0
2026-08-25 13:30:00+00:00,310.7900085449219,313.5899963378906,308.2099914550781,309.8999938964844,25869800,311.5009994506836,47.82170325264421,-1.438937084806014,329.6101006724181,293.39189822894906,5.996427263532366,313.45001220703125,1.0
2026-08-26 13:30:00+00:00,310.29998779296875,315.42999267578125,308.79998779296875,313.45001220703125,34024500,310.26399993896484,51.42773114032199,-1.1006664333545473,323.39175489014104,297.13624498778864,5.9657135009765625,314.5799865722656,1.0
2026-08-27 13:30:00+00:00,310.54998779296875,315.3999938964844,309.3999938964844,314.5799865722656,32419200,309.3214996337891,52.55177140233349,-0.732955957260117,317.03756145187634,301.6054378157018,6.103570120675223,319.70001220703125,1.0
2026-08-28 13:30:00+00:00,316.8500061035156,322.3699951171875,315.45001220703125,319.70001220703125,38649400,309.86100006103516,57.36611033656291,-0.028075836096491003,318.8583871377118,300.8636129843585,6.037142072405134,316.8500061035156,0.0
2026-08-31 13:30:00+00:00,319.6000061035156,321.239990234375,312.79998779296875,316.8500061035156,41242700,310.5324996948242,54.07693471570603,0.2971497073962155,319.510464403502,301.5545349861464,6.127142769949777,325.1300048828125,1.0
2026-09-01 13:30:00+00:00,316.9800109863281,327.29998779296875,314.7300109863281,325.1300048828125,53167400,311.3199996948242,61.06205449589036,1.2090824465735182,322.39129094643425,300.2487084432142,6.661427089146206,324.9599914550781,0.0
2026-09-02 13:30:00+00:00,326.8699951171875,328.3999938964844,323.5299987792969,324.9599914550781,33776400,312.01799926757815,60.85736584032756,1.8962186218183206,324.6540128356488,299.3819856995075,6.727140154157366,328.2099914550781,1.0
2026-09-03 13:30:00+00:00,324.8699951171875,330.80999755859375,324.1099853515625,328.2099914550781,37225800,312.80799865722656,63.384194392430295,2.672223105308433,327.37524343938696,298.24075387506616,6.977855137416294,319.9700012207031,0.0
2026-09-04 13:30:00+00:00,328.30999755859375,328.92999267578125,317.8599853515625,319.9700012207031,39606900,313.13999938964844,53.88621122935447,2.5924299827331083,328.0558282632789,298.224170516018,7.431427001953125,316.2200012207031,0.0
2026-09-08 13:30:00+00:00,317.1000061035156,320.70001220703125,314.8999938964844,316.2200012207031,35477100,313.53799896240236,50.1995004401049,2.2012253427355404,328.32984099950806,298.74615692529665,7.424285888671875,315.3399963378906,0.0
2026-09-09 13:30:00+00:00,315.489990234375,319.1499938964844,309.8999938964844,315.3399963378906,65640000,314.0594985961914,49.34629335251341,1.7994409721114835,328.2955459543247,299.8234512380581,7.393572126116071,326.57000732421875,1.0
2026-09-10 13:30:00+00:00,316.6700134277344,326.739990234375,316.510009765625,326.57000732421875,70011900,315.27549896240237,58.937624971971495,2.3599875299665314,329.4186348801871,301.13236304461765,7.519999912806919,332.2699890136719,1.0
2026-09-11 13:30:00+00:00,327.45001220703125,336.2200012207031,326.29998779296875,332.2699890136719,50716900,316.62599792480466,62.789009402560566,3.226967132801235,331.85865062152914,301.3933452280802,7.845001220703125,333.0799865722656,1.0
2026-09-14 13:30:00+00:00,334.7900085449219,335.5,331.3399963378906,333.0799865722656,39269100,317.9834976196289,63.31557138138918,3.934065292029004,334.02051545203335,301.94647978722446,7.855717250279018,331.3399963378906,0.0
2026-09-15 13:30:00+00:00,330.1400146484375,331.7799987792969,328.3500061035156,331.3399963378906,31748200,319.27099761962893,61.30857194712112,4.304424283644437,335.2530749402144,303.28892029904347,7.809286934988839,332.4100036621094,1.0
2026-09-16 13:30:00+00:00,332.5299987792969,335.4800109863281,330.70001220703125,332.4100036621094,35981000,320.3899978637695,62.10409653637026,4.630895026202211,336.77658716770406,304.00340855983495,7.677143641880581,337.0,1.0
2026-09-17 13:30:00+00:00,334.7699890136719,338.3399963378906,330.17999267578125,337.0,36700200,321.39849853515625,65.39135406375546,5.200056768537138,339.27732156430596,303.51967550600654,7.831429617745536,336.1300048828125,0.0
2026-09-18 13:30:00+00:00,337.9100036621094,338.489990234375,332.5299987792969,336.1300048828125,86588200,322.63999938964844,64.25365227401872,5.51731998445365,341.0079311641082,304.2720676151887,7.700714111328125,338.9800109863281,1.0
2026-09-21 13:30:00+00:00,335.2799987792969,339.6400146484375,333.04998779296875,338.9800109863281,34999200,324.1214996337891,66.32085391396461,5.930363503934132,342.7538685082683,305.4891307593099,7.568572998046875,339.75,1.0
2026-09-22 13:30:00+00:00,340.1400146484375,345.3399963378906,338.75,339.75,40711800,325.59199981689454,66.878154013327,6.247814233917609,344.2868194299722,306.8971802038169,7.141431535993304,337.0199890136719,0.0
2026-09-23 13:30:00+00:00,341.0799865722656,341.79998779296875,335.5,337.0199890136719,31658800,326.94799957275393,62.9037747705856,6.207550376916515,344.76397414469864,309.1320250008092,7.243573869977679,335.9200134277344,0.0
2026-09-24 13:30:00+00:00,336.7200012207031,338.9100036621094,334.29998779296875,335.9200134277344,24733100,328.0714996337891,61.32249689905161,6.017515964981385,345.12095607951403,311.0220431880641,7.094288417271206,341.07000732421875,1.0
2026-09-25 13:30:00+00:00,336.0400085449219,341.6700134277344,334.5299987792969,341.07000732421875,30002500,329.39600067138673,65.6733218949337,6.21087864862659,346.14556815498815,312.6464331877853,6.813574654715402,338.3999938964844,0.0
2026-09-28 13:30:00+00:00,340.3699951171875,342.989990234375,338.0400085449219,338.3999938964844,32820800,330.33099975585935,61.79235997096968,6.078601860681772,346.8882579045039,313.7737416072148,6.752857753208706,329.3999938964844,0.0
2026-09-29 13:30:00+00:00,336.9700012207031,337.0899963378906,328.70001220703125,329.3999938964844,38478000,330.9584991455078,50.8780847860533,5.187745666586181,346.26885174916544,315.64814654185017,6.784999302455357,333.0199890136719,1.0
2026-09-30 13:30:00+00:00,330.79998779296875,339.5,330.1400146484375,333.0199890136719,49988600,331.3529983520508,54.36923119401423,4.719436342479696,346.43591697688885,316.27007972721276,6.692143031529018,330.32000732421875,0.0
2026-10-01 13:30:00+00:00,330.0,332.4800109863281,325.80999755859375,330.32000732421875,36243900,331.6209991455078,51.43311578068178,4.083361422810469,346.41330587590716,316.8286924151085,6.498570033482143,,
